Unit_ID,Bird_ID,Hemisphere,Trial,Unit_letter,Stimulus,p.value
Bl86-R20_Lhem_T2TRIAL3.90_A,Bl86-R20,Lhem,T2TRIAL3.90,A,Female_call,0.349388819
Bl86-R20_Lhem_T2TRIAL3.90_B,Bl86-R20,Lhem,T2TRIAL3.90,B,Female_call,0.03054485
Bl86-R20_Lhem_T2TRIAL3.90_C,Bl86-R20,Lhem,T2TRIAL3.90,C,Female_call,0.044862271
Bl86-R20_Lhem_T2TRIAL4.00_A,Bl86-R20,Lhem,T2TRIAL4.00,A,Female_call,0.16714366
Bl86-R20_Lhem_T2TRIAL4.00_B,Bl86-R20,Lhem,T2TRIAL4.00,B,Female_call,0.439521667
Bl86-R20_Lhem_T2TRIAL4.00_C,Bl86-R20,Lhem,T2TRIAL4.00,C,Female_call,0.722338992
R37-R3_Lhem_T2TRIAL2.45_A,R37-R3,Lhem,T2TRIAL2.45,A,Female_call,0.589773791
R37-R3_Lhem_T2TRIAL2.45_B,R37-R3,Lhem,T2TRIAL2.45,B,Female_call,0.119813814
R37-R3_Lhem_T2TRIAL2.45_C,R37-R3,Lhem,T2TRIAL2.45,C,Female_call,0.394365004
R37-R3_Lhem_T2TRIAL2.55_A,R37-R3,Lhem,T2TRIAL2.55,A,Female_call,0.952514732
R37-R3_Lhem_T2TRIAL2.55_B,R37-R3,Lhem,T2TRIAL2.55,B,Female_call,0.759608429
R37-R3_Lhem_T2TRIAL2.65_A,R37-R3,Lhem,T2TRIAL2.65,A,Female_call,0.013560119
R37-R3_Lhem_T2TRIAL2.65_B,R37-R3,Lhem,T2TRIAL2.65,B,Female_call,0.409846729
R37-R3_Lhem_T2TRIAL2.70_A,R37-R3,Lhem,T2TRIAL2.70,A,Female_call,0.014625802
R37-R3_Lhem_T2TRIAL2.70_B,R37-R3,Lhem,T2TRIAL2.70,B,Female_call,0.007922776
R37-R3_Lhem_T2TRIAL2.75_A,R37-R3,Lhem,T2TRIAL2.75,A,Female_call,0.02401603
R37-R3_Lhem_T2TRIAL2.75_B,R37-R3,Lhem,T2TRIAL2.75,B,Female_call,0.005603194
R37-R3_Lhem_T2TRIAL2.80_A,R37-R3,Lhem,T2TRIAL2.80,A,Female_call,0.016324091
R37-R3_Lhem_T2TRIAL2.80_B,R37-R3,Lhem,T2TRIAL2.80,B,Female_call,0.012227496
R37-R3_Lhem_T2TRIAL2.90_A,R37-R3,Lhem,T2TRIAL2.90,A,Female_call,0.03103252
R37-R3_Lhem_T2TRIAL2.90_B,R37-R3,Lhem,T2TRIAL2.90,B,Female_call,0.197466073
R37-R3_Lhem_T2TRIAL3.00_A,R37-R3,Lhem,T2TRIAL3.00,A,Female_call,0.104059235
R37-R3_Lhem_T2TRIAL3.00_B,R37-R3,Lhem,T2TRIAL3.00,B,Female_call,0.345778586
R37-R3_Lhem_T2TRIAL3.10_A,R37-R3,Lhem,T2TRIAL3.10,A,Female_call,0.046567761
R37-R3_Lhem_T2TRIAL3.10_B,R37-R3,Lhem,T2TRIAL3.10,B,Female_call,0.080730585
W32_Rhem_T1TRIAL2.40_A,W32,Rhem,T1TRIAL2.40,A,Female_call,0.022494271
W32_Rhem_T1TRIAL2.40_B,W32,Rhem,T1TRIAL2.40,B,Female_call,0.012772495
W32_Rhem_T1TRIAL2.45_A,W32,Rhem,T1TRIAL2.45,A,Female_call,0.016464233
W32_Rhem_T1TRIAL2.45_B,W32,Rhem,T1TRIAL2.45,B,Female_call,0.016464233
W32_Rhem_T1TRIAL2.50_A,W32,Rhem,T1TRIAL2.50,A,Female_call,0.009029911
W32_Rhem_T1TRIAL2.50_B,W32,Rhem,T1TRIAL2.50,B,Female_call,0.008908948
W32_Rhem_T1TRIAL2.55_A,W32,Rhem,T1TRIAL2.55,A,Female_call,0.014116389
W32_Rhem_T1TRIAL2.55_B,W32,Rhem,T1TRIAL2.55,B,Female_call,0.033325368
W32_Rhem_T1TRIAL2.60_A,W32,Rhem,T1TRIAL2.60,A,Female_call,0.021303176
W32_Rhem_T1TRIAL2.60_B,W32,Rhem,T1TRIAL2.60,B,Female_call,0.005478553
W32_Rhem_T1TRIAL2.65_A,W32,Rhem,T1TRIAL2.65,A,Female_call,0.00588927
W32_Rhem_T1TRIAL2.65_B,W32,Rhem,T1TRIAL2.65,B,Female_call,0.00588927
W32_Rhem_T1TRIAL2.69_A,W32,Rhem,T1TRIAL2.69,A,Female_call,0.385343441
W32_Rhem_T1TRIAL2.69_B,W32,Rhem,T1TRIAL2.69,B,Female_call,0.574315519
W32_Rhem_T1TRIAL2.73_A,W32,Rhem,T1TRIAL2.73,A,Female_call,0.397180471
W32_Rhem_T1TRIAL2.73_B,W32,Rhem,T1TRIAL2.73,B,Female_call,0.171938366
W32_Rhem_T1TRIAL2.85_A,W32,Rhem,T1TRIAL2.85,A,Female_call,0.83783949
W32_Rhem_T1TRIAL2.85_B,W32,Rhem,T1TRIAL2.85,B,Female_call,0.865534325
W32_Rhem_T1TRIAL2.88_A,W32,Rhem,T1TRIAL2.88,A,Female_call,0.032356555
W32_Rhem_T1TRIAL2.88_B,W32,Rhem,T1TRIAL2.88,B,Female_call,0.473684074
W32_Rhem_T1TRIAL2.88_C,W32,Rhem,T1TRIAL2.88,C,Female_call,0.831379977
W32_Rhem_T1TRIAL2.95_A,W32,Rhem,T1TRIAL2.95,A,Female_call,0.026268291
W32_Rhem_T1TRIAL2.95_B,W32,Rhem,T1TRIAL2.95,B,Female_call,0.031110765
W32_Rhem_T1TRIAL2.95_C,W32,Rhem,T1TRIAL2.95,C,Female_call,0.0522595
W32_Rhem_T1TRIAL3.00_A,W32,Rhem,T1TRIAL3.00,A,Female_call,0.018363832
W32_Rhem_T1TRIAL3.00_B,W32,Rhem,T1TRIAL3.00,B,Female_call,0.090269253
W32_Rhem_T1TRIAL3.05_A,W32,Rhem,T1TRIAL3.05,A,Female_call,0.513559503
W32_Rhem_T1TRIAL3.05_B,W32,Rhem,T1TRIAL3.05,B,Female_call,0.475253806
W32_Rhem_T1TRIAL3.05_C,W32,Rhem,T1TRIAL3.05,C,Female_call,0.126825658
Bl86-R20_Lhem_T2TRIAL3.90_A,Bl86-R20,Lhem,T2TRIAL3.90,A,Male_song_1,0.043825584
Bl86-R20_Lhem_T2TRIAL3.90_B,Bl86-R20,Lhem,T2TRIAL3.90,B,Male_song_1,0.95230309
Bl86-R20_Lhem_T2TRIAL3.90_C,Bl86-R20,Lhem,T2TRIAL3.90,C,Male_song_1,0.10224681
Bl86-R20_Lhem_T2TRIAL4.00_A,Bl86-R20,Lhem,T2TRIAL4.00,A,Male_song_1,0.918601717
Bl86-R20_Lhem_T2TRIAL4.00_B,Bl86-R20,Lhem,T2TRIAL4.00,B,Male_song_1,0.725639962
Bl86-R20_Lhem_T2TRIAL4.00_C,Bl86-R20,Lhem,T2TRIAL4.00,C,Male_song_1,0.154769205
R37-R3_Lhem_T2TRIAL2.45_A,R37-R3,Lhem,T2TRIAL2.45,A,Male_song_1,0.260950463
R37-R3_Lhem_T2TRIAL2.45_B,R37-R3,Lhem,T2TRIAL2.45,B,Male_song_1,0.263199078
R37-R3_Lhem_T2TRIAL2.45_C,R37-R3,Lhem,T2TRIAL2.45,C,Male_song_1,0.29317746
R37-R3_Lhem_T2TRIAL2.55_A,R37-R3,Lhem,T2TRIAL2.55,A,Male_song_1,1
R37-R3_Lhem_T2TRIAL2.55_B,R37-R3,Lhem,T2TRIAL2.55,B,Male_song_1,0.012772495
R37-R3_Lhem_T2TRIAL2.65_A,R37-R3,Lhem,T2TRIAL2.65,A,Male_song_1,0.009252446
R37-R3_Lhem_T2TRIAL2.65_B,R37-R3,Lhem,T2TRIAL2.65,B,Male_song_1,0.032815859
R37-R3_Lhem_T2TRIAL2.70_A,R37-R3,Lhem,T2TRIAL2.70,A,Male_song_1,0.005793045
R37-R3_Lhem_T2TRIAL2.70_B,R37-R3,Lhem,T2TRIAL2.70,B,Male_song_1,0.005825024
R37-R3_Lhem_T2TRIAL2.75_A,R37-R3,Lhem,T2TRIAL2.75,A,Male_song_1,0.008848774
R37-R3_Lhem_T2TRIAL2.75_B,R37-R3,Lhem,T2TRIAL2.75,B,Male_song_1,0.018981154
R37-R3_Lhem_T2TRIAL2.80_A,R37-R3,Lhem,T2TRIAL2.80,A,Male_song_1,0.010724438
R37-R3_Lhem_T2TRIAL2.80_B,R37-R3,Lhem,T2TRIAL2.80,B,Male_song_1,0.005857099
R37-R3_Lhem_T2TRIAL2.90_A,R37-R3,Lhem,T2TRIAL2.90,A,Male_song_1,0.00588927
R37-R3_Lhem_T2TRIAL2.90_B,R37-R3,Lhem,T2TRIAL2.90,B,Male_song_1,0.042062733
R37-R3_Lhem_T2TRIAL3.00_A,R37-R3,Lhem,T2TRIAL3.00,A,Male_song_1,0.024838502
R37-R3_Lhem_T2TRIAL3.00_B,R37-R3,Lhem,T2TRIAL3.00,B,Male_song_1,0.007140097
R37-R3_Lhem_T2TRIAL3.10_A,R37-R3,Lhem,T2TRIAL3.10,A,Male_song_1,0.193359375
R37-R3_Lhem_T2TRIAL3.10_B,R37-R3,Lhem,T2TRIAL3.10,B,Male_song_1,0.23613697
W32_Rhem_T1TRIAL2.40_A,W32,Rhem,T1TRIAL2.40,A,Male_song_1,0.001953125
W32_Rhem_T1TRIAL2.40_B,W32,Rhem,T1TRIAL2.40,B,Male_song_1,0.028314055
W32_Rhem_T1TRIAL2.45_A,W32,Rhem,T1TRIAL2.45,A,Male_song_1,0.083984375
W32_Rhem_T1TRIAL2.45_B,W32,Rhem,T1TRIAL2.45,B,Male_song_1,0.083984375
W32_Rhem_T1TRIAL2.50_A,W32,Rhem,T1TRIAL2.50,A,Male_song_1,0.574813694
W32_Rhem_T1TRIAL2.50_B,W32,Rhem,T1TRIAL2.50,B,Male_song_1,0.79873142
W32_Rhem_T1TRIAL2.55_A,W32,Rhem,T1TRIAL2.55,A,Male_song_1,0.005859375
W32_Rhem_T1TRIAL2.55_B,W32,Rhem,T1TRIAL2.55,B,Male_song_1,0.016464233
W32_Rhem_T1TRIAL2.60_A,W32,Rhem,T1TRIAL2.60,A,Male_song_1,0.00588927
W32_Rhem_T1TRIAL2.60_B,W32,Rhem,T1TRIAL2.60,B,Male_song_1,0.014029061
W32_Rhem_T1TRIAL2.65_A,W32,Rhem,T1TRIAL2.65,A,Male_song_1,0.00390625
W32_Rhem_T1TRIAL2.65_B,W32,Rhem,T1TRIAL2.65,B,Male_song_1,0.00390625
W32_Rhem_T1TRIAL2.69_A,W32,Rhem,T1TRIAL2.69,A,Male_song_1,0.645387748
W32_Rhem_T1TRIAL2.69_B,W32,Rhem,T1TRIAL2.69,B,Male_song_1,0.76953125
W32_Rhem_T1TRIAL2.73_A,W32,Rhem,T1TRIAL2.73,A,Male_song_1,0.721103097
W32_Rhem_T1TRIAL2.73_B,W32,Rhem,T1TRIAL2.73,B,Male_song_1,0.125786425
W32_Rhem_T1TRIAL2.85_A,W32,Rhem,T1TRIAL2.85,A,Male_song_1,0.921875
W32_Rhem_T1TRIAL2.85_B,W32,Rhem,T1TRIAL2.85,B,Male_song_1,0.307748898
W32_Rhem_T1TRIAL2.88_A,W32,Rhem,T1TRIAL2.88,A,Male_song_1,0.838360234
W32_Rhem_T1TRIAL2.88_B,W32,Rhem,T1TRIAL2.88,B,Male_song_1,0.102470435
W32_Rhem_T1TRIAL2.88_C,W32,Rhem,T1TRIAL2.88,C,Male_song_1,0.184858254
W32_Rhem_T1TRIAL2.95_A,W32,Rhem,T1TRIAL2.95,A,Male_song_1,0.014029061
W32_Rhem_T1TRIAL2.95_B,W32,Rhem,T1TRIAL2.95,B,Male_song_1,0.009029911
W32_Rhem_T1TRIAL2.95_C,W32,Rhem,T1TRIAL2.95,C,Male_song_1,0.014147404
W32_Rhem_T1TRIAL3.00_A,W32,Rhem,T1TRIAL3.00,A,Male_song_1,0.082130853
W32_Rhem_T1TRIAL3.00_B,W32,Rhem,T1TRIAL3.00,B,Male_song_1,0.001953125
W32_Rhem_T1TRIAL3.05_A,W32,Rhem,T1TRIAL3.05,A,Male_song_1,0.240509667
W32_Rhem_T1TRIAL3.05_B,W32,Rhem,T1TRIAL3.05,B,Male_song_1,1
W32_Rhem_T1TRIAL3.05_C,W32,Rhem,T1TRIAL3.05,C,Male_song_1,0.476809761
Bl86-R20_Lhem_T2TRIAL3.90_A,Bl86-R20,Lhem,T2TRIAL3.90,A,Male_song_2,0.168530235
Bl86-R20_Lhem_T2TRIAL3.90_B,Bl86-R20,Lhem,T2TRIAL3.90,B,Male_song_2,0.672051769
Bl86-R20_Lhem_T2TRIAL3.90_C,Bl86-R20,Lhem,T2TRIAL3.90,C,Male_song_2,0.952682032
Bl86-R20_Lhem_T2TRIAL4.00_A,Bl86-R20,Lhem,T2TRIAL4.00,A,Male_song_2,0.623638826
Bl86-R20_Lhem_T2TRIAL4.00_B,Bl86-R20,Lhem,T2TRIAL4.00,B,Male_song_2,0.952723582
Bl86-R20_Lhem_T2TRIAL4.00_C,Bl86-R20,Lhem,T2TRIAL4.00,C,Male_song_2,0.672051769
R37-R3_Lhem_T2TRIAL2.45_A,R37-R3,Lhem,T2TRIAL2.45,A,Male_song_2,0.624064532
R37-R3_Lhem_T2TRIAL2.45_B,R37-R3,Lhem,T2TRIAL2.45,B,Male_song_2,0.83343362
R37-R3_Lhem_T2TRIAL2.45_C,R37-R3,Lhem,T2TRIAL2.45,C,Male_song_2,0.099559682
R37-R3_Lhem_T2TRIAL2.55_A,R37-R3,Lhem,T2TRIAL2.55,A,Male_song_2,0.123204911
R37-R3_Lhem_T2TRIAL2.55_B,R37-R3,Lhem,T2TRIAL2.55,B,Male_song_2,0.122215804
R37-R3_Lhem_T2TRIAL2.65_A,R37-R3,Lhem,T2TRIAL2.65,A,Male_song_2,0.06619258
R37-R3_Lhem_T2TRIAL2.65_B,R37-R3,Lhem,T2TRIAL2.65,B,Male_song_2,0.005761163
R37-R3_Lhem_T2TRIAL2.70_A,R37-R3,Lhem,T2TRIAL2.70,A,Male_song_2,0.024744672
R37-R3_Lhem_T2TRIAL2.70_B,R37-R3,Lhem,T2TRIAL2.70,B,Male_song_2,0.005761163
R37-R3_Lhem_T2TRIAL2.75_A,R37-R3,Lhem,T2TRIAL2.75,A,Male_song_2,0.007841672
R37-R3_Lhem_T2TRIAL2.75_B,R37-R3,Lhem,T2TRIAL2.75,B,Male_song_2,0.00800431
R37-R3_Lhem_T2TRIAL2.80_A,R37-R3,Lhem,T2TRIAL2.80,A,Male_song_2,0.082731022
R37-R3_Lhem_T2TRIAL2.80_B,R37-R3,Lhem,T2TRIAL2.80,B,Male_song_2,0.009029911
R37-R3_Lhem_T2TRIAL2.90_A,R37-R3,Lhem,T2TRIAL2.90,A,Male_song_2,0.005825024
R37-R3_Lhem_T2TRIAL2.90_B,R37-R3,Lhem,T2TRIAL2.90,B,Male_song_2,0.0193195
R37-R3_Lhem_T2TRIAL3.00_A,R37-R3,Lhem,T2TRIAL3.00,A,Male_song_2,0.005729376
R37-R3_Lhem_T2TRIAL3.00_B,R37-R3,Lhem,T2TRIAL3.00,B,Male_song_2,0.281628842
R37-R3_Lhem_T2TRIAL3.10_A,R37-R3,Lhem,T2TRIAL3.10,A,Male_song_2,0.083984375
R37-R3_Lhem_T2TRIAL3.10_B,R37-R3,Lhem,T2TRIAL3.10,B,Male_song_2,0.082931082
W32_Rhem_T1TRIAL2.40_A,W32,Rhem,T1TRIAL2.40,A,Male_song_2,0.028314055
W32_Rhem_T1TRIAL2.40_B,W32,Rhem,T1TRIAL2.40,B,Male_song_2,0.07427355
W32_Rhem_T1TRIAL2.45_A,W32,Rhem,T1TRIAL2.45,A,Male_song_2,0.005859375
W32_Rhem_T1TRIAL2.45_B,W32,Rhem,T1TRIAL2.45,B,Male_song_2,0.005859375
W32_Rhem_T1TRIAL2.50_A,W32,Rhem,T1TRIAL2.50,A,Male_song_2,0.036535984
W32_Rhem_T1TRIAL2.50_B,W32,Rhem,T1TRIAL2.50,B,Male_song_2,0.05802402
W32_Rhem_T1TRIAL2.55_A,W32,Rhem,T1TRIAL2.55,A,Male_song_2,0.722049142
W32_Rhem_T1TRIAL2.55_B,W32,Rhem,T1TRIAL2.55,B,Male_song_2,0.332565615
W32_Rhem_T1TRIAL2.60_A,W32,Rhem,T1TRIAL2.60,A,Male_song_2,0.005603194
W32_Rhem_T1TRIAL2.60_B,W32,Rhem,T1TRIAL2.60,B,Male_song_2,0.005857099
W32_Rhem_T1TRIAL2.65_A,W32,Rhem,T1TRIAL2.65,A,Male_song_2,0.014369289
W32_Rhem_T1TRIAL2.65_B,W32,Rhem,T1TRIAL2.65,B,Male_song_2,0.00390625
W32_Rhem_T1TRIAL2.69_A,W32,Rhem,T1TRIAL2.69,A,Male_song_2,0.153309224
W32_Rhem_T1TRIAL2.69_B,W32,Rhem,T1TRIAL2.69,B,Male_song_2,0.431640625
W32_Rhem_T1TRIAL2.73_A,W32,Rhem,T1TRIAL2.73,A,Male_song_2,0.00588927
W32_Rhem_T1TRIAL2.73_B,W32,Rhem,T1TRIAL2.73,B,Male_song_2,0.005761163
W32_Rhem_T1TRIAL2.85_A,W32,Rhem,T1TRIAL2.85,A,Male_song_2,0.275390625
W32_Rhem_T1TRIAL2.85_B,W32,Rhem,T1TRIAL2.85,B,Male_song_2,0.413607443
W32_Rhem_T1TRIAL2.88_A,W32,Rhem,T1TRIAL2.88,A,Male_song_2,0.01285124
W32_Rhem_T1TRIAL2.88_B,W32,Rhem,T1TRIAL2.88,B,Male_song_2,0.123204911
W32_Rhem_T1TRIAL2.88_C,W32,Rhem,T1TRIAL2.88,C,Male_song_2,0.183714066
W32_Rhem_T1TRIAL2.95_A,W32,Rhem,T1TRIAL2.95,A,Male_song_2,0.83783949
W32_Rhem_T1TRIAL2.95_B,W32,Rhem,T1TRIAL2.95,B,Male_song_2,0.574564824
W32_Rhem_T1TRIAL2.95_C,W32,Rhem,T1TRIAL2.95,C,Male_song_2,0.574564824
W32_Rhem_T1TRIAL3.00_A,W32,Rhem,T1TRIAL3.00,A,Male_song_2,0.0524795
W32_Rhem_T1TRIAL3.00_B,W32,Rhem,T1TRIAL3.00,B,Male_song_2,0.184858254
W32_Rhem_T1TRIAL3.05_A,W32,Rhem,T1TRIAL3.05,A,Male_song_2,0.798603246
W32_Rhem_T1TRIAL3.05_B,W32,Rhem,T1TRIAL3.05,B,Male_song_2,1
W32_Rhem_T1TRIAL3.05_C,W32,Rhem,T1TRIAL3.05,C,Male_song_2,0.34282884
Bl86-R20_Lhem_T2TRIAL3.90_A,Bl86-R20,Lhem,T2TRIAL3.90,A,Male_song_3,1
Bl86-R20_Lhem_T2TRIAL3.90_B,Bl86-R20,Lhem,T2TRIAL3.90,B,Male_song_3,0.151128537
Bl86-R20_Lhem_T2TRIAL3.90_C,Bl86-R20,Lhem,T2TRIAL3.90,C,Male_song_3,0.031641777
Bl86-R20_Lhem_T2TRIAL4.00_A,Bl86-R20,Lhem,T2TRIAL4.00,A,Male_song_3,0.959300789
Bl86-R20_Lhem_T2TRIAL4.00_B,Bl86-R20,Lhem,T2TRIAL4.00,B,Male_song_3,0.812380364
Bl86-R20_Lhem_T2TRIAL4.00_C,Bl86-R20,Lhem,T2TRIAL4.00,C,Male_song_3,1
R37-R3_Lhem_T2TRIAL2.45_A,R37-R3,Lhem,T2TRIAL2.45,A,Male_song_3,0.324006556
R37-R3_Lhem_T2TRIAL2.45_B,R37-R3,Lhem,T2TRIAL2.45,B,Male_song_3,0.752493649
R37-R3_Lhem_T2TRIAL2.45_C,R37-R3,Lhem,T2TRIAL2.45,C,Male_song_3,0.526578371
R37-R3_Lhem_T2TRIAL2.55_A,R37-R3,Lhem,T2TRIAL2.55,A,Male_song_3,0.440465089
R37-R3_Lhem_T2TRIAL2.55_B,R37-R3,Lhem,T2TRIAL2.55,B,Male_song_3,0.096614208
R37-R3_Lhem_T2TRIAL2.65_A,R37-R3,Lhem,T2TRIAL2.65,A,Male_song_3,0.056705723
R37-R3_Lhem_T2TRIAL2.65_B,R37-R3,Lhem,T2TRIAL2.65,B,Male_song_3,0.066369129
R37-R3_Lhem_T2TRIAL2.70_A,R37-R3,Lhem,T2TRIAL2.70,A,Male_song_3,0.03714019
R37-R3_Lhem_T2TRIAL2.70_B,R37-R3,Lhem,T2TRIAL2.70,B,Male_song_3,0.037982635
R37-R3_Lhem_T2TRIAL2.75_A,R37-R3,Lhem,T2TRIAL2.75,A,Male_song_3,0.013793701
R37-R3_Lhem_T2TRIAL2.75_B,R37-R3,Lhem,T2TRIAL2.75,B,Male_song_3,0.00588927
R37-R3_Lhem_T2TRIAL2.80_A,R37-R3,Lhem,T2TRIAL2.80,A,Male_song_3,0.152238865
R37-R3_Lhem_T2TRIAL2.80_B,R37-R3,Lhem,T2TRIAL2.80,B,Male_song_3,0.017717165
R37-R3_Lhem_T2TRIAL2.90_A,R37-R3,Lhem,T2TRIAL2.90,A,Male_song_3,0.01741848
R37-R3_Lhem_T2TRIAL2.90_B,R37-R3,Lhem,T2TRIAL2.90,B,Male_song_3,0.005634595
R37-R3_Lhem_T2TRIAL3.00_A,R37-R3,Lhem,T2TRIAL3.00,A,Male_song_3,0.008729039
R37-R3_Lhem_T2TRIAL3.00_B,R37-R3,Lhem,T2TRIAL3.00,B,Male_song_3,0.855132141
R37-R3_Lhem_T2TRIAL3.10_A,R37-R3,Lhem,T2TRIAL3.10,A,Male_song_3,0.01285124
R37-R3_Lhem_T2TRIAL3.10_B,R37-R3,Lhem,T2TRIAL3.10,B,Male_song_3,0.28589756
W32_Rhem_T1TRIAL2.40_A,W32,Rhem,T1TRIAL2.40,A,Male_song_3,0.00390625
W32_Rhem_T1TRIAL2.40_B,W32,Rhem,T1TRIAL2.40,B,Male_song_3,0.005859375
W32_Rhem_T1TRIAL2.45_A,W32,Rhem,T1TRIAL2.45,A,Male_song_3,0.009765625
W32_Rhem_T1TRIAL2.45_B,W32,Rhem,T1TRIAL2.45,B,Male_song_3,0.009765625
W32_Rhem_T1TRIAL2.50_A,W32,Rhem,T1TRIAL2.50,A,Male_song_3,1
W32_Rhem_T1TRIAL2.50_B,W32,Rhem,T1TRIAL2.50,B,Male_song_3,0.918760096
W32_Rhem_T1TRIAL2.55_A,W32,Rhem,T1TRIAL2.55,A,Male_song_3,0.23613697
W32_Rhem_T1TRIAL2.55_B,W32,Rhem,T1TRIAL2.55,B,Male_song_3,0.193359375
W32_Rhem_T1TRIAL2.60_A,W32,Rhem,T1TRIAL2.60,A,Male_song_3,0.009029911
W32_Rhem_T1TRIAL2.60_B,W32,Rhem,T1TRIAL2.60,B,Male_song_3,0.001953125
W32_Rhem_T1TRIAL2.65_A,W32,Rhem,T1TRIAL2.65,A,Male_song_3,0.005857099
W32_Rhem_T1TRIAL2.65_B,W32,Rhem,T1TRIAL2.65,B,Male_song_3,0.001953125
W32_Rhem_T1TRIAL2.69_A,W32,Rhem,T1TRIAL2.69,A,Male_song_3,0.036535984
W32_Rhem_T1TRIAL2.69_B,W32,Rhem,T1TRIAL2.69,B,Male_song_3,0.012772495
W32_Rhem_T1TRIAL2.73_A,W32,Rhem,T1TRIAL2.73,A,Male_song_3,0.155131569
W32_Rhem_T1TRIAL2.73_B,W32,Rhem,T1TRIAL2.73,B,Male_song_3,0.012772495
W32_Rhem_T1TRIAL2.85_A,W32,Rhem,T1TRIAL2.85,A,Male_song_3,0.838360234
W32_Rhem_T1TRIAL2.85_B,W32,Rhem,T1TRIAL2.85,B,Male_song_3,0.260950463
W32_Rhem_T1TRIAL2.88_A,W32,Rhem,T1TRIAL2.88,A,Male_song_3,0.005857099
W32_Rhem_T1TRIAL2.88_B,W32,Rhem,T1TRIAL2.88,B,Male_song_3,0.212720071
W32_Rhem_T1TRIAL2.88_C,W32,Rhem,T1TRIAL2.88,C,Male_song_3,0.073520656
W32_Rhem_T1TRIAL2.95_A,W32,Rhem,T1TRIAL2.95,A,Male_song_3,0.362137575
W32_Rhem_T1TRIAL2.95_B,W32,Rhem,T1TRIAL2.95,B,Male_song_3,1
W32_Rhem_T1TRIAL2.95_C,W32,Rhem,T1TRIAL2.95,C,Male_song_3,0.672051769
W32_Rhem_T1TRIAL3.00_A,W32,Rhem,T1TRIAL3.00,A,Male_song_3,0.00588927
W32_Rhem_T1TRIAL3.00_B,W32,Rhem,T1TRIAL3.00,B,Male_song_3,0.202328308
W32_Rhem_T1TRIAL3.05_A,W32,Rhem,T1TRIAL3.05,A,Male_song_3,0.921875
W32_Rhem_T1TRIAL3.05_B,W32,Rhem,T1TRIAL3.05,B,Male_song_3,0.759614489
W32_Rhem_T1TRIAL3.05_C,W32,Rhem,T1TRIAL3.05,C,Male_song_3,0.431640625
Bl86-R20_Lhem_T2TRIAL3.90_A,Bl86-R20,Lhem,T2TRIAL3.90,A,White_noise,0.44429079
Bl86-R20_Lhem_T2TRIAL3.90_B,Bl86-R20,Lhem,T2TRIAL3.90,B,White_noise,1
Bl86-R20_Lhem_T2TRIAL3.90_C,Bl86-R20,Lhem,T2TRIAL3.90,C,White_noise,0.031976819
Bl86-R20_Lhem_T2TRIAL4.00_A,Bl86-R20,Lhem,T2TRIAL4.00,A,White_noise,0.87832485
Bl86-R20_Lhem_T2TRIAL4.00_B,Bl86-R20,Lhem,T2TRIAL4.00,B,White_noise,0.183430619
Bl86-R20_Lhem_T2TRIAL4.00_C,Bl86-R20,Lhem,T2TRIAL4.00,C,White_noise,0.625
R37-R3_Lhem_T2TRIAL2.45_A,R37-R3,Lhem,T2TRIAL2.45,A,White_noise,0.725963626
R37-R3_Lhem_T2TRIAL2.45_B,R37-R3,Lhem,T2TRIAL2.45,B,White_noise,0.528612125
R37-R3_Lhem_T2TRIAL2.45_C,R37-R3,Lhem,T2TRIAL2.45,C,White_noise,0.008848774
R37-R3_Lhem_T2TRIAL2.55_A,R37-R3,Lhem,T2TRIAL2.55,A,White_noise,0.140994081
R37-R3_Lhem_T2TRIAL2.55_B,R37-R3,Lhem,T2TRIAL2.55,B,White_noise,0.059006038
R37-R3_Lhem_T2TRIAL2.65_A,R37-R3,Lhem,T2TRIAL2.65,A,White_noise,0.009151689
R37-R3_Lhem_T2TRIAL2.65_B,R37-R3,Lhem,T2TRIAL2.65,B,White_noise,0.00588927
R37-R3_Lhem_T2TRIAL2.70_A,R37-R3,Lhem,T2TRIAL2.70,A,White_noise,0.005857099
R37-R3_Lhem_T2TRIAL2.70_B,R37-R3,Lhem,T2TRIAL2.70,B,White_noise,0.00588927
R37-R3_Lhem_T2TRIAL2.75_A,R37-R3,Lhem,T2TRIAL2.75,A,White_noise,0.00800431
R37-R3_Lhem_T2TRIAL2.75_B,R37-R3,Lhem,T2TRIAL2.75,B,White_noise,0.005761163
R37-R3_Lhem_T2TRIAL2.80_A,R37-R3,Lhem,T2TRIAL2.80,A,White_noise,0.001953125
R37-R3_Lhem_T2TRIAL2.80_B,R37-R3,Lhem,T2TRIAL2.80,B,White_noise,0.005857099
R37-R3_Lhem_T2TRIAL2.90_A,R37-R3,Lhem,T2TRIAL2.90,A,White_noise,0.005857099
R37-R3_Lhem_T2TRIAL2.90_B,R37-R3,Lhem,T2TRIAL2.90,B,White_noise,0.005857099
R37-R3_Lhem_T2TRIAL3.00_A,R37-R3,Lhem,T2TRIAL3.00,A,White_noise,0.009029911
R37-R3_Lhem_T2TRIAL3.00_B,R37-R3,Lhem,T2TRIAL3.00,B,White_noise,0.008610127
R37-R3_Lhem_T2TRIAL3.10_A,R37-R3,Lhem,T2TRIAL3.10,A,White_noise,0.00800431
R37-R3_Lhem_T2TRIAL3.10_B,R37-R3,Lhem,T2TRIAL3.10,B,White_noise,0.05802402
W32_Rhem_T1TRIAL2.40_A,W32,Rhem,T1TRIAL2.40,A,White_noise,0.001953125
W32_Rhem_T1TRIAL2.40_B,W32,Rhem,T1TRIAL2.40,B,White_noise,0.00588927
W32_Rhem_T1TRIAL2.45_A,W32,Rhem,T1TRIAL2.45,A,White_noise,0.005857099
W32_Rhem_T1TRIAL2.45_B,W32,Rhem,T1TRIAL2.45,B,White_noise,0.00588927
W32_Rhem_T1TRIAL2.50_A,W32,Rhem,T1TRIAL2.50,A,White_noise,0.154769205
W32_Rhem_T1TRIAL2.50_B,W32,Rhem,T1TRIAL2.50,B,White_noise,0.083984375
W32_Rhem_T1TRIAL2.55_A,W32,Rhem,T1TRIAL2.55,A,White_noise,0.04135891
W32_Rhem_T1TRIAL2.55_B,W32,Rhem,T1TRIAL2.55,B,White_noise,0.00800431
W32_Rhem_T1TRIAL2.60_A,W32,Rhem,T1TRIAL2.60,A,White_noise,0.00588927
W32_Rhem_T1TRIAL2.60_B,W32,Rhem,T1TRIAL2.60,B,White_noise,0.005793045
W32_Rhem_T1TRIAL2.65_A,W32,Rhem,T1TRIAL2.65,A,White_noise,0.00588927
W32_Rhem_T1TRIAL2.65_B,W32,Rhem,T1TRIAL2.65,B,White_noise,0.001953125
W32_Rhem_T1TRIAL2.69_A,W32,Rhem,T1TRIAL2.69,A,White_noise,0.307748898
W32_Rhem_T1TRIAL2.69_B,W32,Rhem,T1TRIAL2.69,B,White_noise,0.431640625
W32_Rhem_T1TRIAL2.73_A,W32,Rhem,T1TRIAL2.73,A,White_noise,0.838360234
W32_Rhem_T1TRIAL2.73_B,W32,Rhem,T1TRIAL2.73,B,White_noise,0.059171049
W32_Rhem_T1TRIAL2.85_A,W32,Rhem,T1TRIAL2.85,A,White_noise,0.47719662
W32_Rhem_T1TRIAL2.85_B,W32,Rhem,T1TRIAL2.85,B,White_noise,0.431640625
W32_Rhem_T1TRIAL2.88_A,W32,Rhem,T1TRIAL2.88,A,White_noise,0.013671875
W32_Rhem_T1TRIAL2.88_B,W32,Rhem,T1TRIAL2.88,B,White_noise,0.539763042
W32_Rhem_T1TRIAL2.88_C,W32,Rhem,T1TRIAL2.88,C,White_noise,0.151970858
W32_Rhem_T1TRIAL2.95_A,W32,Rhem,T1TRIAL2.95,A,White_noise,0.005793045
W32_Rhem_T1TRIAL2.95_B,W32,Rhem,T1TRIAL2.95,B,White_noise,0.005857099
W32_Rhem_T1TRIAL2.95_C,W32,Rhem,T1TRIAL2.95,C,White_noise,0.123204911
W32_Rhem_T1TRIAL3.00_A,W32,Rhem,T1TRIAL3.00,A,White_noise,0.018981154
W32_Rhem_T1TRIAL3.00_B,W32,Rhem,T1TRIAL3.00,B,White_noise,0.005825024
W32_Rhem_T1TRIAL3.05_A,W32,Rhem,T1TRIAL3.05,A,White_noise,0.139157015
W32_Rhem_T1TRIAL3.05_B,W32,Rhem,T1TRIAL3.05,B,White_noise,0.475245832
W32_Rhem_T1TRIAL3.05_C,W32,Rhem,T1TRIAL3.05,C,White_noise,0.085556014
